<?xml version="1.0" encoding="UTF-8"?>
<metadata xml:lang="de"><Esri><CreaDate>20170308</CreaDate><CreaTime>14083100</CreaTime><SyncOnce>TRUE</SyncOnce><DataProperties><itemProps><itemLocation><linkage Sync="TRUE">file://\\rs12\gis\share\GMPE_Regions\Subduction\Export\Inslab_SourceModel</linkage><protocol Sync="TRUE">Local Area Network</protocol></itemLocation></itemProps><copyHistory><copy source="\\rs12\gis\share\GMPE_Regions\Subduction\Inslab_SourceModel" dest="\\rs12\gis\share\GMPE_Regions\Subduction\Export\Inslab_SourceModel" date="20170308" time="14083100"></copy></copyHistory></DataProperties></Esri></metadata>
